# Manually confirmed DOIs, applied by build_doi_manifest.py.
# Automated resolution cannot settle every row: corpus.yaml records abbreviated
# titles, some papers are not indexed by Crossref or arXiv, and a longer
# published title that merely begins with the corpus title is often a different
# paper. Rather than hand-edit the generated manifest, which the next rebuild
# would silently discard, record confirmed DOIs here with the evidence.
#
# Columns: title <TAB> doi <TAB> note
# `title` must match corpus.yaml exactly.
title	doi	note
Label-Only Membership Inference Attacks	10.48550/arXiv.2007.14321	Confirmed 2026-07-31 against arXiv metadata: Choquette-Choo, Tramer, Carlini, Papernot, 2020, title exact. The resolver had matched "Label-Only Membership Inference Attack against Node-Level Graph Neural Networks", a different paper sharing the title prefix; the author check flagged it.
Monitoring, Reporting, and Verification for Ocean Alkalinity Enhancement	10.5194/sp-2-oae2023-12-2023	Confirmed 2026-07-31 against Crossref: Ho, Bopp, Palter, Long, Boyd, Neukermans, 2023, State of the Planet. Title matches exactly; the resolver's author check failed on a parsing artifact, not a real disagreement.
Biological Response of Eelgrass Epifauna to Elevated Ocean Alkalinity	10.5194/bg-22-1615-2025	Confirmed 2026-07-31 against Crossref: Jones, Hemery, Ward, Regier, Ringham, Eisaman, 2025, Biogeosciences. The corpus records a short form of the published title, which names the two study species.
Air-Sea Gas Exchange in Response to OAE in a Temperate Plankton Community	10.5194/egusphere-2025-524	Confirmed 2026-07-31 against Crossref: Schneider, Riebesell, Moras, Marin-Samper, Kittu, Ortiz-Cortes, 2025. NOTE: this is the EGUsphere preprint (type posted-content). If a final Biogeosciences version exists and is what was ingested, swap this DOI for it.
Considerations for the Integration of RCTs and Real-World Data	10.48550/arXiv.2604.10308	Confirmed 2026-07-31 against arXiv metadata: Sky Qiu first of 21 authors, 2026-04-11, title exact. Not indexed by Crossref, which is why the automated pass found only unrelated economics trial registrations.
lit-tag — A Shiny App for Adding Custom Tags and Notes to a Citation Database	10.48550/arXiv.2603.19238	Confirmed 2026-07-31 against arXiv metadata: Paul McElhany, Kalina Grabb, Maddison Wood, 2026-01-12, cs.DL. Published title is "lit-tag: An app for adding custom tags and notes to a citation database". Not to be confused with 10.70212/cdrxiv.2026519.v1, a related CDRXIV database paper on which McElhany is third author.
