domain	role	year	authors	title	doi	match_score	status	note	source	matched_title	file
ai-ethics-law	Anchor	2026	Stober & Dornis	Generative AI Training and Copyright Law	10.2139/ssrn.5391439	0.778	ok		crossref	Generative AI and the Scope of EU Copyright Law: A Doctrinal Analysis in Light of C-250/25	papers/ai-ethics-law/ethics-anchor-generative-ai-stober.pdf
ai-ethics-law	Anchor	2026	Liang & Lut	Creative Ownership in the Age of AI	10.2139/ssrn.6249598	0.970	ok		crossref	Creative Ownership in the Age of AI	papers/ai-ethics-law/ethics-anchor-creative-ownership-liang.pdf
ai-ethics-law	Technical Bridge	2026	Ranjan et al.	G-Drift MIA — Membership Inference via Gradient-Induced Feature Drift in LLMs	10.48550/arXiv.2604.00419	0.970	ok		arxiv	G-Drift MIA: Membership Inference via Gradient-Induced Feature Drift in LLMs	papers/ai-ethics-law/ethics-bridge-g-drift-ranjan.pdf
ai-ethics-law	Technical Bridge	2026	Liu et al.	Membership Inference Attack Against Music Diffusion Models	10.1109/icassp55912.2026.11461689	0.970	ok		crossref	Membership Inference Attack against Music Diffusion Models via Generative Manifold Perturbation	papers/ai-ethics-law/ethics-bridge-membership-inference-liu.pdf
ai-ethics-law	Conflict	2026	Hutiri & Scheuerman	Yes, But Not Always — Generative AI Needs Nuanced Opt-in	10.48550/arXiv.2604.09413	0.970	ok		arxiv	Yes, But Not Always. Generative AI Needs Nuanced Opt-in	papers/ai-ethics-law/ethics-conflict-yes-but-hutiri.pdf
ai-ethics-law	Conflict	2025	Atkinson	Unfair Learning — GenAI Exceptionalism and Copyright Law	10.2139/ssrn.4975857	0.970	ok		crossref	Unfair Learning: GenAI Exceptionalism and Copyright Law	papers/ai-ethics-law/ethics-conflict-unfair-learning-atkinson.pdf
ai-ethics-law	Chrono	2025	Chow et al.	Assessing the Effectiveness of Membership Inference on Generative Music	10.48550/arXiv.2512.21762	0.970	ok		arxiv	Assessing the Effectiveness of Membership Inference on Generative Music	papers/ai-ethics-law/ethics-chrono-assessing-effectiveness-chow.pdf
ai-ethics-law	Chrono	2021	Choquette-Choo et al.	Label-Only Membership Inference Attacks	10.48550/arXiv.2007.14321		ok	Confirmed 2026-07-31 against arXiv metadata: Choquette-Choo, Tramer, Carlini, Papernot, 2020, title exact. The resolver had matched "Label-Only Membership Inference Attack against Node-Level Graph Neural Networks", a different paper sharing the title prefix; the author check flagged it.	override		papers/ai-ethics-law/ethics-chrono-label-only-choquette.pdf
climate-science	Anchor	2023	Oschlies et al.	Climate Targets, Carbon Dioxide Removal, and the Potential Role of OAE	10.5194/sp-2-oae2023-1-2023	0.982	ok		crossref	Climate targets, carbon dioxide removal, and the potential role of ocean alkalinity enhancement	papers/climate-science/climate-anchor-climate-targets-oschlies.pdf
climate-science	Chrono/Anchor	2023	He & Tyka	Limits and CO2 Equilibration of Near-Coast Alkalinity Enhancement	10.5194/egusphere-egu23-8111	0.970	ok		crossref	Limits and CO2 equilibration of near-coast alkalinity enhancement	papers/climate-science/climate-chrono-limits-co2-he.pdf
climate-science	Meta Bridge	2023	Ho et al.	Monitoring, Reporting, and Verification for Ocean Alkalinity Enhancement	10.5194/sp-2-oae2023-12-2023		ok	Confirmed 2026-07-31 against Crossref: Ho, Bopp, Palter, Long, Boyd, Neukermans, 2023, State of the Planet. Title matches exactly; the resolver's author check failed on a parsing artifact, not a real disagreement.	override		papers/climate-science/climate-bridge-monitoring-reporting-ho.pdf
climate-science	Meta Bridge	2026	McElhany et al.	lit-tag — A Shiny App for Adding Custom Tags and Notes to a Citation Database	10.48550/arXiv.2603.19238		ok	Confirmed 2026-07-31 against arXiv metadata: Paul McElhany, Kalina Grabb, Maddison Wood, 2026-01-12, cs.DL. Published title is "lit-tag: An app for adding custom tags and notes to a citation database". Not to be confused with 10.70212/cdrxiv.2026519.v1, a related CDRXIV database paper on which McElhany is third author.	override		papers/climate-science/climate-bridge-lit-tag-mcelhany.pdf
climate-science	Chrono	2025	Savoie et al.	Novel Field Trial for OAE Using Electrochemically Derived Aqueous Alkalinity	10.3389/fenve.2025.1641277	0.852	ok		crossref	Novel field trial for ocean alkalinity enhancement using electrochemically derived aqueous alkalinity	papers/climate-science/climate-chrono-novel-field-savoie.pdf
climate-science	Conflict	2025	Jones et al.	Biological Response of Eelgrass Epifauna to Elevated Ocean Alkalinity	10.5194/bg-22-1615-2025		ok	Confirmed 2026-07-31 against Crossref: Jones, Hemery, Ward, Regier, Ringham, Eisaman, 2025, Biogeosciences. The corpus records a short form of the published title, which names the two study species.	override		papers/climate-science/climate-conflict-biological-response-jones.pdf
climate-science	Conflict	2025	Schneider et al.	Air-Sea Gas Exchange in Response to OAE in a Temperate Plankton Community	10.5194/egusphere-2025-524		ok	Confirmed 2026-07-31 against Crossref: Schneider, Riebesell, Moras, Marin-Samper, Kittu, Ortiz-Cortes, 2025. NOTE: this is the EGUsphere preprint (type posted-content). If a final Biogeosciences version exists and is what was ingested, swap this DOI for it.	override		papers/climate-science/climate-conflict-air-sea-schneider.pdf
climate-science	Conflict	2025	Nagwekar	Modeling Ocean Alkalinity Enhancement in Subduction Regions and the Global Ocean	10.1088/1748-9326/ae293b	0.783	ok		crossref	Alkalinity enhancement in subduction regions and the global ocean: efficiency, earth system feedbacks, and scenario sensitivity	papers/climate-science/climate-conflict-modeling-oae-nagwekar.pdf
precision-medicine	Anchor	2026	Qiu et al.	Considerations for the Integration of RCTs and Real-World Data	10.48550/arXiv.2604.10308		ok	Confirmed 2026-07-31 against arXiv metadata: Sky Qiu first of 21 authors, 2026-04-11, title exact. Not indexed by Crossref, which is why the automated pass found only unrelated economics trial registrations.	override		papers/precision-medicine/medicine-anchor-considerations-qiu.pdf
precision-medicine	Anchor	2024	Kupnicka et al.	GLP-1 Receptor Agonists — A Promising Therapy for Modern Lifestyle Diseases	10.3390/ph17111470	0.970	ok		crossref	GLP-1 Receptor Agonists: A Promising Therapy for Modern Lifestyle Diseases with Unforeseen Challenges	papers/precision-medicine/medicine-anchor-glp-1-kupnicka.pdf
precision-medicine	Technical Bridge	2026	Barakat et al.	AI-Enabled Personalization of Semaglutide Therapy in Type 2 Diabetes	10.2196/86960	0.970	ok		crossref	AI-Enabled Personalization of Semaglutide Therapy in Type 2 Diabetes: Systematic Review With an Integration Framework	papers/precision-medicine/medicine-bridge-ai-enabled-barakat.pdf
precision-medicine	Bridge	2025	Kong et al.	Progress of the Anti-Obesity of Berberine	10.48550/arXiv.2501.02282	0.970	ok		arxiv	Progress of the anti-obesity of Berberine	papers/precision-medicine/medicine-bridge-progress-berberine-kong.pdf
precision-medicine	Conflict	2026	Martinussen et al.	A Joint QoL-Survival Framework with Debiased Estimation under Truncation by Death	10.48550/arXiv.2602.09537	0.970	ok		arxiv	A joint QoL-Survival framework with debiased estimation under truncation by death	papers/precision-medicine/medicine-conflict-joint-qol-martinussen.pdf
precision-medicine	Conflict	2026	Sehgal et al.	Self-Reported Side Effects of Semaglutide and Tirzepatide in Online Communities	10.64898/2026.03.12.26348253	0.970	ok		crossref	Self-Reported Side Effects of Semaglutide and Tirzepatide in Online Communities	papers/precision-medicine/medicine-conflict-self-reported-sehgal.pdf
precision-medicine	Chrono	2025	Beheshti	Risk and Protective Factors in Parkinson's Disease	10.3390/cells14100710	0.970	ok		crossref	Exploring Risk and Protective Factors in Parkinson’s Disease	papers/precision-medicine/medicine-chrono-risk-protective-beheshti.pdf
precision-medicine	Chrono/Baseline	2017	Pieber et al.	DEVOTE 3 — Severe Hypoglycaemia, Cardiovascular Outcomes and Mortality	10.1007/s00125-017-4422-0	0.803	ok		crossref	DEVOTE 3: temporal relationships between severe hypoglycaemia, cardiovascular outcomes and mortality	papers/precision-medicine/medicine-chrono-devote3-pieber.pdf
